{
    "accuracy": 0.8090185676392573,
    "recall": 0.8378378378378378,
    "precision": 0.6802507836990596,
    "f1_score": 0.7508650519031141
}